name,url,tvg-id,tvg-name,tvg-logo,group-title
免費訂閲：請勿販賣...,https://material.1989.click/v/302.mp4,,,https://material.1989.click/logo/温馨提示.png,
維護時間：2026-7-1 #佛系維護...,https://material.1989.click/v/301.mp4,,,https://material.1989.click/logo/温馨提示.png,
鳳凰衛視·中文「72H Replay」,https://iptv.1989.click/phoenix/bfy2uk?token=835de109e821fbff9439ad576e33a5120b2169aba5aa8968,,,https://material.1989.click/logo/凤凰中文.png,
鳳凰衛視·資訊「72H Replay」,https://iptv.1989.click/phoenix/dexkdd?token=835de109e821fbff9439ad576e33a5120b2169aba5aa8968,,,https://material.1989.click/logo/凤凰资讯.png,
鳳凰衛視·香港「72H Replay」,https://iptv.1989.click/phoenix/nhpcf4?token=835de109e821fbff9439ad576e33a5120b2169aba5aa8968,,,https://material.1989.click/logo/凤凰香港.png,
翡翠台「24H Replay」,https://iptv.1989.click/hk/v27sy6?token=835de109e821fbff9439ad576e33a5120b2169aba5aa8968,,,https://material.1989.click/logo/翡翠台.png,
無綫新聞台,https://iptv.1989.click/hk/2xy5ap?token=835de109e821fbff9439ad576e33a5120b2169aba5aa8968,,,https://material.1989.click/logo/無綫新聞台.png,
明珠台,https://iptv.1989.click/hk/qgh9rq?token=835de109e821fbff9439ad576e33a5120b2169aba5aa8968,,,https://material.1989.click/logo/明珠台.png,
TVB Plus,https://iptv.1989.click/hk/s8d5tb?token=835de109e821fbff9439ad576e33a5120b2169aba5aa8968,,,https://material.1989.click/logo/TVBPlus.png,
美亞電影台,https://iptv.1989.click/hk/fdwcus?token=835de109e821fbff9439ad576e33a5120b2169aba5aa8968,,,https://material.1989.click/logo/美亞電影台.png,
PopC,https://iptv.1989.click/hk/wczes4?token=835de109e821fbff9439ad576e33a5120b2169aba5aa8968,,,https://material.1989.click/logo/PopC.png,
ViuTV,https://iptv.1989.click/hk/sdugje?token=835de109e821fbff9439ad576e33a5120b2169aba5aa8968,,,https://material.1989.click/logo/ViuTV.png,
ViuTVsix,https://iptv.1989.click/hk/8fz7pg?token=835de109e821fbff9439ad576e33a5120b2169aba5aa8968,,,https://material.1989.click/logo/ViuTVsix.png,
Now直播台,https://iptv.1989.click/hk/26awne?token=835de109e821fbff9439ad576e33a5120b2169aba5aa8968,,,https://material.1989.click/logo/Now直播台.png,
Now新聞台,https://iptv.1989.click/hk/bj7vgt?token=835de109e821fbff9439ad576e33a5120b2169aba5aa8968,,,https://material.1989.click/logo/Now新聞台.png,
Now財經台,https://iptv.1989.click/hk/grtwnt?token=835de109e821fbff9439ad576e33a5120b2169aba5aa8968,,,https://material.1989.click/logo/Now財經台.png,
Now Sports 精選,https://iptv.1989.click/hk/w73zzy?token=835de109e821fbff9439ad576e33a5120b2169aba5aa8968,,,https://material.1989.click/logo/Now Sports 精選.png,
Now Sports 617,https://iptv.1989.click/hkg/uezdvt?token=835de109e821fbff9439ad576e33a5120b2169aba5aa8968,,,https://material.1989.click/logo/Now-Sports-617.png,
Now Sports 618,https://iptv.1989.click/hkg/585fsr?token=835de109e821fbff9439ad576e33a5120b2169aba5aa8968,,,https://material.1989.click/logo/Now-Sports-618.png,
電台·雷霆881,https://iptv.1989.click/hkg/vh5qmr?token=835de109e821fbff9439ad576e33a5120b2169aba5aa8968,,,https://material.1989.click/logo/雷霆881.png,
電台·叱咤903,https://iptv.1989.click/hkg/8vyus4?token=835de109e821fbff9439ad576e33a5120b2169aba5aa8968,,,https://material.1989.click/logo/叱咤903.png,
電台·AM864,https://iptv.1989.click/hkg/r5vbnb?token=835de109e821fbff9439ad576e33a5120b2169aba5aa8968,,,https://material.1989.click/logo/AM864.png,
HOY 國際財經台,https://hoytv-live-stream.hoy.tv/ch76/index-fhd-3-v-fhd.m3u8,,,https://material.1989.click/logo/HOY76.png,
HOY TV,https://hoytv-live-stream.hoy.tv/ch77/index-fhd-3-v-fhd.m3u8,,,https://material.1989.click/logo/HOY77.png,
HOY 資訊台,https://hoytv-live-stream.hoy.tv/ch78/index-fhd-3-v-fhd.m3u8,,,https://material.1989.click/logo/HOY78.png,
RTHK 31,https://rthktv31-live.akamaized.net/hls/live/2036818/RTHKTV31/stream5/streamPlaylist.m3u8,,,https://material.1989.click/logo/RTHK31.png,
RTHK 32,https://rthktv32-live.akamaized.net/hls/live/2036819/RTHKTV32/stream5/streamPlaylist.m3u8,,,https://material.1989.click/logo/RTHK32.png,
RTHK 33,https://rthktv33-live.akamaized.net/hls/live/2101641/RTHKTV33/stream05/streamPlaylist.m3u8,,,https://material.1989.click/logo/RTHK33.png,
RTHK 34,https://rthktv34-live.akamaized.net/hls/live/2101642/RTHKTV34/stream05/streamPlaylist.m3u8,,,https://material.1989.click/logo/RTHK34.png,
RTHK 35,https://rthktv35-live.akamaized.net/hls/live/2101643/RTHKTV35/stream05/streamPlaylist.m3u8,,,https://material.1989.click/logo/RTHK35.png,
澳門Macau,https://live5.tdm.com.mo/ch3/ch3.live/playlist.m3u8,,,https://material.1989.click/logo/澳门Macau.png,
澳門葡文,https://live5.tdm.com.mo/ch2/ch2.live/playlist.m3u8,,,https://material.1989.click/logo/澳视葡文.png,
澳視澳門,https://live5.tdm.com.mo/ch1/ch1.live/playlist.m3u8,,,https://material.1989.click/logo/澳视澳门.png,
澳門資訊,https://live5.tdm.com.mo/ch5/info_ch5.live/playlist.m3u8,,,https://material.1989.click/logo/澳门资讯.png,
澳門體育,https://live5.tdm.com.mo/ch4/sport_ch4.live/playlist.m3u8,,,https://material.1989.click/logo/澳门体育.png,
澳門綜藝,https://live5.tdm.com.mo/ch6/hd_ch6.live/playlist.m3u8,,,https://material.1989.click/logo/澳门综艺.png,
睛彩广场舞「Relay」,https://iptv.1989.click/cn/ayjj3j?token=835de109e821fbff9439ad576e33a5120b2169aba5aa8968,,,https://material.1989.click/logo/睛彩广场舞.png,
睛彩青少「Relay」,https://iptv.1989.click/cn/9k4vxu?token=835de109e821fbff9439ad576e33a5120b2169aba5aa8968,,,https://material.1989.click/logo/睛彩青少.png,
睛彩竞技「Relay」,https://iptv.1989.click/cn/a98ubp?token=835de109e821fbff9439ad576e33a5120b2169aba5aa8968,,,https://material.1989.click/logo/睛彩竞技.png,
睛彩篮球「Relay」,https://iptv.1989.click/cn/mewpqn?token=835de109e821fbff9439ad576e33a5120b2169aba5aa8968,,,https://material.1989.click/logo/睛彩篮球.png,
CCTV 1 綜合「Relay」,https://iptv.1989.click/cn/v2aw4k?token=835de109e821fbff9439ad576e33a5120b2169aba5aa8968,,,https://material.1989.click/logo/CCTV1.png,
CCTV 2 財經「Relay」,https://iptv.1989.click/cn/wwfc49?token=835de109e821fbff9439ad576e33a5120b2169aba5aa8968,,,https://material.1989.click/logo/CCTV2.png,
CCTV 3 綜藝「Relay」,https://iptv.1989.click/cn/znk53f?token=835de109e821fbff9439ad576e33a5120b2169aba5aa8968,,,https://material.1989.click/logo/CCTV3.png,
CCTV 4 中文國際「Relay」,https://iptv.1989.click/cn/3xruyq?token=835de109e821fbff9439ad576e33a5120b2169aba5aa8968,,,https://material.1989.click/logo/CCTV4.png,
CCTV 5 體育「Relay」,https://iptv.1989.click/cn/hhamav?token=835de109e821fbff9439ad576e33a5120b2169aba5aa8968,,,https://material.1989.click/logo/CCTV5.png,
CCTV 5+ 體育賽事「Relay」,https://iptv.1989.click/cn/b4rxpg?token=835de109e821fbff9439ad576e33a5120b2169aba5aa8968,,,https://material.1989.click/logo/CCTV5+.png,
CCTV 6 電影「Relay」,https://iptv.1989.click/cn/34jmw7?token=835de109e821fbff9439ad576e33a5120b2169aba5aa8968,,,https://material.1989.click/logo/CCTV6.png,
CCTV 7 國防軍事「Relay」,https://iptv.1989.click/cn/zncqya?token=835de109e821fbff9439ad576e33a5120b2169aba5aa8968,,,https://material.1989.click/logo/CCTV7.png,
CCTV 8 電視劇「Relay」,https://iptv.1989.click/cn/kg5fre?token=835de109e821fbff9439ad576e33a5120b2169aba5aa8968,,,https://material.1989.click/logo/CCTV8.png,
CCTV 9 記錄「Relay」,https://iptv.1989.click/cn/mxmcj8?token=835de109e821fbff9439ad576e33a5120b2169aba5aa8968,,,https://material.1989.click/logo/CCTV9.png,
CCTV 10 科教「Relay」,https://iptv.1989.click/cn/yp4ykm?token=835de109e821fbff9439ad576e33a5120b2169aba5aa8968,,,https://material.1989.click/logo/CCTV10.png,
CCTV 11 戲曲「Relay」,https://iptv.1989.click/cn/ft6vhk?token=835de109e821fbff9439ad576e33a5120b2169aba5aa8968,,,https://material.1989.click/logo/CCTV11.png,
CCTV 12 社會與法「Relay」,https://iptv.1989.click/cn/nyzptt?token=835de109e821fbff9439ad576e33a5120b2169aba5aa8968,,,https://material.1989.click/logo/CCTV12.png,
CCTV 13 新聞「Relay」,https://iptv.1989.click/cn/yf5dbs?token=835de109e821fbff9439ad576e33a5120b2169aba5aa8968,,,https://material.1989.click/logo/CCTV13.png,
CCTV 14 少兒「Relay」,https://iptv.1989.click/cn/9kpyda?token=835de109e821fbff9439ad576e33a5120b2169aba5aa8968,,,https://material.1989.click/logo/CCTV14.png,
CCTV 15 音樂「Relay」,https://iptv.1989.click/cn/wddfth?token=835de109e821fbff9439ad576e33a5120b2169aba5aa8968,,,https://material.1989.click/logo/CCTV15.png,
CCTV 16 奧林匹克「Relay」,https://iptv.1989.click/cn/77pgvg?token=835de109e821fbff9439ad576e33a5120b2169aba5aa8968,,,https://material.1989.click/logo/CCTV16.png,
CCTV 17 農村農業「Relay」,https://iptv.1989.click/cn/c2scpx?token=835de109e821fbff9439ad576e33a5120b2169aba5aa8968,,,https://material.1989.click/logo/CCTV17.png,
北京衛視「Relay」,https://iptv.1989.click/cn/su2p4x?token=835de109e821fbff9439ad576e33a5120b2169aba5aa8968,,,https://material.1989.click/logo/北京卫视.png,
東方衛視「Relay」,https://iptv.1989.click/cn/8gtsyd?token=835de109e821fbff9439ad576e33a5120b2169aba5aa8968,,,https://material.1989.click/logo/东方卫视.png,
廣東衛視「Relay」,https://iptv.1989.click/cn/efdyw3?token=835de109e821fbff9439ad576e33a5120b2169aba5aa8968,,,https://material.1989.click/logo/广东卫视.png,
浙江衛視「Relay」,https://iptv.1989.click/cn/wrqxcu?token=835de109e821fbff9439ad576e33a5120b2169aba5aa8968,,,https://material.1989.click/logo/浙江卫视.png,
江蘇衛視「Relay」,https://iptv.1989.click/cn/t2y4yf?token=835de109e821fbff9439ad576e33a5120b2169aba5aa8968,,,https://material.1989.click/logo/江苏卫视.png,
湖南衛視「Relay」,https://iptv.1989.click/cn/qwa2p8?token=835de109e821fbff9439ad576e33a5120b2169aba5aa8968,,,https://material.1989.click/logo/湖南卫视.png,
四川衛視「Relay」,https://iptv.1989.click/cn/4m3mu6?token=835de109e821fbff9439ad576e33a5120b2169aba5aa8968,,,https://material.1989.click/logo/四川卫视.png,
緯來日本「Relay」,https://iptv.1989.click/tw/dyva2h?token=835de109e821fbff9439ad576e33a5120b2169aba5aa8968,,,https://material.1989.click/logo/緯來日本.png,
緯來體育「Relay」,https://iptv.1989.click/tw/gfgdsk?token=835de109e821fbff9439ad576e33a5120b2169aba5aa8968,,,https://material.1989.click/logo/緯來體育.png,
緯來電影「Relay」,https://iptv.1989.click/tw/8e59dk?token=835de109e821fbff9439ad576e33a5120b2169aba5aa8968,,,https://material.1989.click/logo/緯來電影.png,
緯來綜合「Relay」,https://iptv.1989.click/tw/y7527h?token=835de109e821fbff9439ad576e33a5120b2169aba5aa8968,,,https://material.1989.click/logo/緯來綜合.png,
緯來戲劇「Relay」,https://iptv.1989.click/tw/ur7x87?token=835de109e821fbff9439ad576e33a5120b2169aba5aa8968,,,https://material.1989.click/logo/緯來戲劇.png,
緯來育樂「Relay」,https://iptv.1989.click/tw/gaax86?token=835de109e821fbff9439ad576e33a5120b2169aba5aa8968,,,https://material.1989.click/logo/緯來育樂.png,
年代新聞「Relay」,https://iptv.1989.click/tw/n3wq5j?token=835de109e821fbff9439ad576e33a5120b2169aba5aa8968,,,https://material.1989.click/logo/年代新聞台.png,
中天亞洲「Relay」,https://iptv.1989.click/tw/c6ywwn?token=835de109e821fbff9439ad576e33a5120b2169aba5aa8968,,,https://material.1989.click/logo/中天亞洲台.png,
中天綜合「Relay」,https://iptv.1989.click/tw/jtfdrz?token=835de109e821fbff9439ad576e33a5120b2169aba5aa8968,,,https://material.1989.click/logo/中天綜合台.png,
中天娛樂「Relay」,https://iptv.1989.click/tw/hcyu4u?token=835de109e821fbff9439ad576e33a5120b2169aba5aa8968,,,https://material.1989.click/logo/中天娛樂台.png,
東森電影「Relay」,https://iptv.1989.click/tw/nvnvsm?token=835de109e821fbff9439ad576e33a5120b2169aba5aa8968,,,https://material.1989.click/logo/東森電影台.png,
東森洋片「Relay」,https://iptv.1989.click/tw/mwgyh2?token=835de109e821fbff9439ad576e33a5120b2169aba5aa8968,,,https://material.1989.click/logo/東森洋片台.png,
東森綜合「Relay」,https://iptv.1989.click/tw/d8929p?token=835de109e821fbff9439ad576e33a5120b2169aba5aa8968,,,https://material.1989.click/logo/東森綜合台.png,
東森戲劇「Relay」,https://iptv.1989.click/tw/9xu8qe?token=835de109e821fbff9439ad576e33a5120b2169aba5aa8968,,,https://material.1989.click/logo/東森戲劇台.png,
東森幼幼「Relay」,https://iptv.1989.click/tw/md85a6?token=835de109e821fbff9439ad576e33a5120b2169aba5aa8968,,,https://material.1989.click/logo/東森幼幼台.png,
台視「Relay」,https://iptv.1989.click/tw/syngdn?token=835de109e821fbff9439ad576e33a5120b2169aba5aa8968,,,https://material.1989.click/logo/台視.png,
動物星球「Relay」,https://iptv.1989.click/tw/355nnc?token=835de109e821fbff9439ad576e33a5120b2169aba5aa8968,,,https://material.1989.click/logo/動物星球.png,
CATCHPLAY 電影「Relay」,https://iptv.1989.click/tw/7unejs?token=835de109e821fbff9439ad576e33a5120b2169aba5aa8968,,,https://material.1989.click/logo/CATCHPLAY電影台.png,
龍祥時代「Relay」,https://iptv.1989.click/tw/y7u89m?token=835de109e821fbff9439ad576e33a5120b2169aba5aa8968,,,https://material.1989.click/logo/龍祥時代.png,
CINEMAX「Relay」,https://iptv.1989.click/tw/sg596b?token=835de109e821fbff9439ad576e33a5120b2169aba5aa8968,,,https://material.1989.click/logo/CINEMAX.png,
好萊塢電影「Relay」,https://iptv.1989.click/tw/jjh429?token=835de109e821fbff9439ad576e33a5120b2169aba5aa8968,,,https://material.1989.click/logo/好萊塢電影台.png,
MTV Live「Relay」,https://iptv.1989.click/tw/wt9wfj?token=835de109e821fbff9439ad576e33a5120b2169aba5aa8968,,,https://material.1989.click/logo/MTV.png,
博斯運動 一「4gTV」,https://iptv.1989.click/4gtv/zph9fg?token=835de109e821fbff9439ad576e33a5120b2169aba5aa8968,,,https://material.1989.click/logo/博斯運動一台.png,
博斯運動 二「4gTV」,https://iptv.1989.click/4gtv/akguar?token=835de109e821fbff9439ad576e33a5120b2169aba5aa8968,,,https://material.1989.click/logo/博斯運動二台.png,
博斯無限 一「4gTV」,https://iptv.1989.click/4gtv/daeyc6?token=835de109e821fbff9439ad576e33a5120b2169aba5aa8968,,,https://material.1989.click/logo/博斯無限台.png,
博斯無限 二「4gTV」,https://iptv.1989.click/4gtv/k7vgfn?token=835de109e821fbff9439ad576e33a5120b2169aba5aa8968,,,https://material.1989.click/logo/博斯無限二台.png,
博斯高球 一「4gTV」,https://iptv.1989.click/4gtv/yspaa6?token=835de109e821fbff9439ad576e33a5120b2169aba5aa8968,,,https://material.1989.click/logo/博斯高球台.png,
博斯高球 二「4gTV」,https://iptv.1989.click/4gtv/vtrv5z?token=835de109e821fbff9439ad576e33a5120b2169aba5aa8968,,,https://material.1989.click/logo/博斯高球二台.png,
博斯網球「4gTV」,https://iptv.1989.click/4gtv/aeaxvd?token=835de109e821fbff9439ad576e33a5120b2169aba5aa8968,,,https://material.1989.click/logo/博斯網球台.png,
博斯魅力「4gTV」,https://iptv.1989.click/4gtv/xkbaz6?token=835de109e821fbff9439ad576e33a5120b2169aba5aa8968,,,https://material.1989.click/logo/博斯魅力台.png,
中視「4gTV」,https://iptv.1989.click/4gtv/ycsa6q?token=835de109e821fbff9439ad576e33a5120b2169aba5aa8968,,,https://material.1989.click/logo/中視.png,
中視新聞「4gTV」,https://iptv.1989.click/4gtv/x2wm55?token=835de109e821fbff9439ad576e33a5120b2169aba5aa8968,,,https://material.1989.click/logo/中視新聞.png,
東森新聞「4gTV」,https://iptv.1989.click/4gtv/a9y3re?token=835de109e821fbff9439ad576e33a5120b2169aba5aa8968,,,https://material.1989.click/logo/東森新聞台.png,
東森財經「4gTV」,https://iptv.1989.click/4gtv/9ffeth?token=835de109e821fbff9439ad576e33a5120b2169aba5aa8968,,,https://material.1989.click/logo/東森財經新聞台.png,
TVBS「4gTV」,https://iptv.1989.click/4gtv/3khh4r?token=835de109e821fbff9439ad576e33a5120b2169aba5aa8968,,,https://material.1989.click/logo/TVBS.png,
TVBS 新聞「4gTV」,https://iptv.1989.click/4gtv/726wyn?token=835de109e821fbff9439ad576e33a5120b2169aba5aa8968,,,https://material.1989.click/logo/TVBS新聞.png,
TVBS 歡樂「4gTV」,https://iptv.1989.click/4gtv/d8km9j?token=835de109e821fbff9439ad576e33a5120b2169aba5aa8968,,,https://material.1989.click/logo/TVBS歡樂台.png,
TVBS 精采「4gTV」,https://iptv.1989.click/4gtv/ahjyzs?token=835de109e821fbff9439ad576e33a5120b2169aba5aa8968,,,https://material.1989.click/logo/TVBS精采台.png,
靖天國際「4gTV」,https://iptv.1989.click/4gtv/876km9?token=835de109e821fbff9439ad576e33a5120b2169aba5aa8968,,,https://material.1989.click/logo/KLT-靖天國際台.png,
靖天歡樂「4gTV」,https://iptv.1989.click/4gtv/eb9csd?token=835de109e821fbff9439ad576e33a5120b2169aba5aa8968,,,https://material.1989.click/logo/Nice-TV靖天歡樂台.png,
靖天映畫「4gTV」,https://iptv.1989.click/4gtv/93kddq?token=835de109e821fbff9439ad576e33a5120b2169aba5aa8968,,,https://material.1989.click/logo/靖天映畫.png,
靖天戲劇「4gTV」,https://iptv.1989.click/4gtv/hjv5p8?token=835de109e821fbff9439ad576e33a5120b2169aba5aa8968,,,https://material.1989.click/logo/靖天戲劇台.png,
靖天日本「4gTV」,https://iptv.1989.click/4gtv/fkub82?token=835de109e821fbff9439ad576e33a5120b2169aba5aa8968,,,https://material.1989.click/logo/靖天日本台.png,
靖天綜合「4gTV」,https://iptv.1989.click/4gtv/g39f8u?token=835de109e821fbff9439ad576e33a5120b2169aba5aa8968,,,https://material.1989.click/logo/靖天綜合台.png,
靖天育樂「4gTV」,https://iptv.1989.click/4gtv/fswztf?token=835de109e821fbff9439ad576e33a5120b2169aba5aa8968,,,https://material.1989.click/logo/靖天育樂台.png,
靖天資訊「4gTV」,https://iptv.1989.click/4gtv/2pm8uw?token=835de109e821fbff9439ad576e33a5120b2169aba5aa8968,,,https://material.1989.click/logo/靖天資訊台.png,
靖天電影「4gTV」,https://iptv.1989.click/4gtv/aweghx?token=835de109e821fbff9439ad576e33a5120b2169aba5aa8968,,,https://material.1989.click/logo/靖天電影台.png,
靖天卡通「4gTV」,https://iptv.1989.click/4gtv/y9kbe8?token=835de109e821fbff9439ad576e33a5120b2169aba5aa8968,,,https://material.1989.click/logo/靖天卡通台.png,
靖洋卡通「4gTV」,https://iptv.1989.click/4gtv/u8yvk2?token=835de109e821fbff9439ad576e33a5120b2169aba5aa8968,,,https://material.1989.click/logo/靖洋卡通Nice-Bingo.png,
靖洋戲劇「4gTV」,https://iptv.1989.click/4gtv/r24tzd?token=835de109e821fbff9439ad576e33a5120b2169aba5aa8968,,,https://material.1989.click/logo/靖洋戲劇台.png,
八大精彩「4gTV」,https://iptv.1989.click/4gtv/hvnkxa?token=835de109e821fbff9439ad576e33a5120b2169aba5aa8968,,,https://material.1989.click/logo/八大精彩台.png,
八大綜藝「4gTV」,https://iptv.1989.click/4gtv/6pknnk?token=835de109e821fbff9439ad576e33a5120b2169aba5aa8968,,,https://material.1989.click/logo/八大綜藝台.png,
公視戲劇「4gTV」,https://iptv.1989.click/4gtv/awbg76?token=835de109e821fbff9439ad576e33a5120b2169aba5aa8968,,,https://material.1989.click/logo/公視戲劇台.png,
寰宇新聞「4gTV」,https://iptv.1989.click/4gtv/9upzng?token=835de109e821fbff9439ad576e33a5120b2169aba5aa8968,,,https://material.1989.click/logo/寰宇新聞台.png,
寰宇新聞台灣「4gTV」,https://iptv.1989.click/4gtv/8a33zx?token=835de109e821fbff9439ad576e33a5120b2169aba5aa8968,,,https://material.1989.click/logo/寰宇新聞台灣台.png,
華視「4gTV」,https://iptv.1989.click/4gtv/3qbun8?token=835de109e821fbff9439ad576e33a5120b2169aba5aa8968,,,https://material.1989.click/logo/華視.png,
華視新聞「4gTV」,https://iptv.1989.click/4gtv/a96yje?token=835de109e821fbff9439ad576e33a5120b2169aba5aa8968,,,https://material.1989.click/logo/華視新聞.png,
民視「4gTV」,https://iptv.1989.click/4gtv/p9xf26?token=835de109e821fbff9439ad576e33a5120b2169aba5aa8968,,,https://material.1989.click/logo/民視.png,
民視台灣「4gTV」,https://iptv.1989.click/4gtv/3qct5j?token=835de109e821fbff9439ad576e33a5120b2169aba5aa8968,,,https://material.1989.click/logo/民視台灣台.png,
民視影劇「4gTV」,https://iptv.1989.click/4gtv/uh55gh?token=835de109e821fbff9439ad576e33a5120b2169aba5aa8968,,,https://material.1989.click/logo/民視影劇台.png,
民視新聞「4gTV」,https://iptv.1989.click/4gtv/vmhd8s?token=835de109e821fbff9439ad576e33a5120b2169aba5aa8968,,,https://material.1989.click/logo/民視新聞台.png,
民視旅遊「4gTV」,https://iptv.1989.click/4gtv/kws22p?token=835de109e821fbff9439ad576e33a5120b2169aba5aa8968,,,https://material.1989.click/logo/民視旅遊台.png,
民視第一「4gTV」,https://iptv.1989.click/4gtv/rc25rp?token=835de109e821fbff9439ad576e33a5120b2169aba5aa8968,,,https://material.1989.click/logo/民視第一台.png,
民視綜藝「4gTV」,https://iptv.1989.click/4gtv/gk72xk?token=835de109e821fbff9439ad576e33a5120b2169aba5aa8968,,,https://material.1989.click/logo/民視綜藝台.png,
三立綜合「4gTV」,https://iptv.1989.click/4gtv/uszuf2?token=835de109e821fbff9439ad576e33a5120b2169aba5aa8968,,,https://material.1989.click/logo/三立綜合台.png,
三立新聞iNEWS「4gTV」,https://iptv.1989.click/4gtv/j53dhc?token=835de109e821fbff9439ad576e33a5120b2169aba5aa8968,,,https://material.1989.click/logo/三立新聞iNEWS.png,
INULTRA「4gTV」,https://iptv.1989.click/4gtv/yajhun?token=835de109e821fbff9439ad576e33a5120b2169aba5aa8968,,,https://material.1989.click/logo/INULTRA.png,
愛爾達生活旅遊「4gTV」,https://iptv.1989.click/4gtv/yv7csn?token=835de109e821fbff9439ad576e33a5120b2169aba5aa8968,,,https://material.1989.click/logo/愛爾達生活旅遊台.png,
鏡電視新聞「4gTV」,https://iptv.1989.click/4gtv/j4rwcv?token=835de109e821fbff9439ad576e33a5120b2169aba5aa8968,,,https://material.1989.click/logo/鏡電視新聞台.png,
半島國際新聞「4gTV」,https://iptv.1989.click/4gtv/zq3gy7?token=835de109e821fbff9439ad576e33a5120b2169aba5aa8968,,,https://material.1989.click/logo/半島國際新聞台.png,
DW德國之聲「4gTV」,https://iptv.1989.click/4gtv/qjbn22?token=835de109e821fbff9439ad576e33a5120b2169aba5aa8968,,,https://material.1989.click/logo/DW德國之聲.png,
FRANCE24「4gTV」,https://iptv.1989.click/4gtv/jue6e2?token=835de109e821fbff9439ad576e33a5120b2169aba5aa8968,,,https://material.1989.click/logo/FRANCE24.png,
NHK 新聞資訊「4gTV」,https://iptv.1989.click/4gtv/s29h2c?token=835de109e821fbff9439ad576e33a5120b2169aba5aa8968,,,https://material.1989.click/logo/NHK-WORLD-JAPAN.png,
CNBC Asia 財經「4gTV」,https://iptv.1989.click/4gtv/nvnfwr?token=835de109e821fbff9439ad576e33a5120b2169aba5aa8968,,,https://material.1989.click/logo/CNBC-Asia-財經台.png,
SBN 全球財經「4gTV」,https://iptv.1989.click/4gtv/3gny28?token=835de109e821fbff9439ad576e33a5120b2169aba5aa8968,,,https://material.1989.click/logo/SBN-全球財經台.png,
Bloomberg TV「4gTV」,https://iptv.1989.click/4gtv/5ukcn8?token=835de109e821fbff9439ad576e33a5120b2169aba5aa8968,,,https://material.1989.click/logo/Bloomberg-TV.png,
亞洲旅遊「4gTV」,https://iptv.1989.click/4gtv/dwk7cd?token=835de109e821fbff9439ad576e33a5120b2169aba5aa8968,,,https://material.1989.click/logo/亞洲旅遊台.png,
時尚運動X「4gTV」,https://iptv.1989.click/4gtv/4sjjn3?token=835de109e821fbff9439ad576e33a5120b2169aba5aa8968,,,https://material.1989.click/logo/時尚運動X.png,
智林體育「4gTV」,https://iptv.1989.click/4gtv/gxymsn?token=835de109e821fbff9439ad576e33a5120b2169aba5aa8968,,,https://material.1989.click/logo/智林體育台.png,
amc電影台「4gTV」,https://iptv.1989.click/4gtv/cc98uk?token=835de109e821fbff9439ad576e33a5120b2169aba5aa8968,,,https://material.1989.click/logo/amc電影台.png,
MCE 我的歐洲電影「4gTV」,https://iptv.1989.click/4gtv/fx5xat?token=835de109e821fbff9439ad576e33a5120b2169aba5aa8968,,,https://material.1989.click/logo/My-Cinema-Europe.png,
影迷數位電影「4gTV」,https://iptv.1989.click/4gtv/egq69h?token=835de109e821fbff9439ad576e33a5120b2169aba5aa8968,,,https://material.1989.click/logo/影迷數位電影台.png,
影迷數位紀實「4gTV」,https://iptv.1989.click/4gtv/85jwwz?token=835de109e821fbff9439ad576e33a5120b2169aba5aa8968,,,https://material.1989.click/logo/影迷數位紀實台.png,
CinemaWorld「4gTV」,https://iptv.1989.click/4gtv/9pdjq5?token=835de109e821fbff9439ad576e33a5120b2169aba5aa8968,,,https://material.1989.click/logo/CinemaWorld.png,
經典電影「4gTV」,https://iptv.1989.click/4gtv/9fhxvg?token=835de109e821fbff9439ad576e33a5120b2169aba5aa8968,,,https://material.1989.click/logo/經典電影台.png,
Love Nature「4gTV」,https://iptv.1989.click/4gtv/yxxs4c?token=835de109e821fbff9439ad576e33a5120b2169aba5aa8968,,,https://material.1989.click/logo/Love-Nature.png,
視納華仁紀實頻道「4gTV」,https://iptv.1989.click/4gtv/3fzwdn?token=835de109e821fbff9439ad576e33a5120b2169aba5aa8968,,,https://material.1989.click/logo/視納華仁紀實頻道.png,
CI 罪案偵查頻道「4gTV」,https://iptv.1989.click/4gtv/x66sa4?token=835de109e821fbff9439ad576e33a5120b2169aba5aa8968,,,https://material.1989.click/logo/CI-罪案偵查頻道.png,
History 歷史頻道「4gTV」,https://iptv.1989.click/4gtv/av853k?token=835de109e821fbff9439ad576e33a5120b2169aba5aa8968,,,https://material.1989.click/logo/History-歷史頻道.png,
ROCK Action「4gTV」,https://iptv.1989.click/4gtv/vvvfgp?token=835de109e821fbff9439ad576e33a5120b2169aba5aa8968,,,https://material.1989.click/logo/ROCK-Action.png,
ROCK Entertainment「4gTV」,https://iptv.1989.click/4gtv/8zxky5?token=835de109e821fbff9439ad576e33a5120b2169aba5aa8968,,,https://material.1989.click/logo/ROCK-Entertainment.png,
ROCK Xstream「4gTV」,https://iptv.1989.click/4gtv/x9h6ca?token=835de109e821fbff9439ad576e33a5120b2169aba5aa8968,,,https://material.1989.click/logo/ROCK-Xstream.png,
Arirang TV「4gTV」,https://iptv.1989.click/4gtv/5m8vvg?token=835de109e821fbff9439ad576e33a5120b2169aba5aa8968,,,https://material.1989.click/logo/Arirang-TV.png,
韓國娛樂台 KMTV「4gTV」,https://iptv.1989.click/4gtv/6ujvz9?token=835de109e821fbff9439ad576e33a5120b2169aba5aa8968,,,https://material.1989.click/logo/韓國娛樂台-KMTV.png,
Lifetime 娛樂頻道「4gTV」,https://iptv.1989.click/4gtv/npyewr?token=835de109e821fbff9439ad576e33a5120b2169aba5aa8968,,,https://material.1989.click/logo/Lifetime-娛樂頻道.png,
fun探索娛樂「4gTV」,https://iptv.1989.click/4gtv/kc33t7?token=835de109e821fbff9439ad576e33a5120b2169aba5aa8968,,,https://material.1989.click/logo/fun探索娛樂台.png,
HITS頻道「4gTV」,https://iptv.1989.click/4gtv/pgmg2m?token=835de109e821fbff9439ad576e33a5120b2169aba5aa8968,,,https://material.1989.click/logo/HITS頻道.png,
豬哥亮歌廳秀「4gTV」,https://iptv.1989.click/4gtv/5j3xx7?token=835de109e821fbff9439ad576e33a5120b2169aba5aa8968,,,https://material.1989.click/logo/豬哥亮歌廳秀.png,
采昌影劇「4gTV」,https://iptv.1989.click/4gtv/nyv428?token=835de109e821fbff9439ad576e33a5120b2169aba5aa8968,,,https://material.1989.click/logo/采昌影劇台.png,
CLASSICA 古典樂「4gTV」,https://iptv.1989.click/4gtv/52nwwr?token=835de109e821fbff9439ad576e33a5120b2169aba5aa8968,,,https://material.1989.click/logo/CLASSICA-古典樂.png,
Mezzo Live「4gTV」,https://iptv.1989.click/4gtv/fb9uyk?token=835de109e821fbff9439ad576e33a5120b2169aba5aa8968,,,https://material.1989.click/logo/Mezzo-Live.png,
電影原聲 CMusic「4gTV」,https://iptv.1989.click/4gtv/hkexap?token=835de109e821fbff9439ad576e33a5120b2169aba5aa8968,,,https://material.1989.click/logo/電影原聲台CMusic.png,
TRACE Urban「4gTV」,https://iptv.1989.click/4gtv/et9hfn?token=835de109e821fbff9439ad576e33a5120b2169aba5aa8968,,,https://material.1989.click/logo/TRACE-Urban.png,
TRACE Sport Stars「4gTV」,https://iptv.1989.click/4gtv/9dqy3c?token=835de109e821fbff9439ad576e33a5120b2169aba5aa8968,,,https://material.1989.click/logo/TRACE-Sport-Stars.png,
GINX Esports TV「4gTV」,https://iptv.1989.click/4gtv/vcb44q?token=835de109e821fbff9439ad576e33a5120b2169aba5aa8968,,,https://material.1989.click/logo/GINX-Esports-TV.png,
DreamWorks 夢工廠動畫「4gTV」,https://iptv.1989.click/4gtv/t8t7c6?token=835de109e821fbff9439ad576e33a5120b2169aba5aa8968,,,https://material.1989.click/logo/DreamWorks-夢工廠動畫.png,
精選動漫「4gTV」,https://iptv.1989.click/4gtv/u22qxa?token=835de109e821fbff9439ad576e33a5120b2169aba5aa8968,,,https://material.1989.click/logo/精選動漫台.png,
經典卡通「4gTV」,https://iptv.1989.click/4gtv/k78cx6?token=835de109e821fbff9439ad576e33a5120b2169aba5aa8968,,,https://material.1989.click/logo/經典卡通台.png,
MOMO親子「4gTV」,https://iptv.1989.click/4gtv/h7wdjz?token=835de109e821fbff9439ad576e33a5120b2169aba5aa8968,,,https://material.1989.click/logo/MOMO親子台.png,
Nick Jr. 兒童頻道「4gTV」,https://iptv.1989.click/4gtv/9vtvc6?token=835de109e821fbff9439ad576e33a5120b2169aba5aa8968,,,https://material.1989.click/logo/Nick-Jr.兒童頻道.png,
尼克兒童頻道「4gTV」,https://iptv.1989.click/4gtv/7phpwq?token=835de109e821fbff9439ad576e33a5120b2169aba5aa8968,,,https://material.1989.click/logo/Nickelodeon.png,
Pet Club TV「4gTV」,https://iptv.1989.click/4gtv/3kbxrk?token=835de109e821fbff9439ad576e33a5120b2169aba5aa8968,,,https://material.1989.click/logo/Pet-Club-TV.png,
LiveABC互動英語頻道「4gTV」,https://iptv.1989.click/4gtv/hftgmc?token=835de109e821fbff9439ad576e33a5120b2169aba5aa8968,,,https://material.1989.click/logo/LiveABC互動英語頻道.png,
ELTA生活英語「4gTV」,https://iptv.1989.click/4gtv/gxnus5?token=835de109e821fbff9439ad576e33a5120b2169aba5aa8968,,,https://material.1989.click/logo/ELTA生活英語.png,
達文西頻道「4gTV」,https://iptv.1989.click/4gtv/bu8cy3?token=835de109e821fbff9439ad576e33a5120b2169aba5aa8968,,,https://material.1989.click/logo/達文西頻道.png,
滾動力rollor「4gTV」,https://iptv.1989.click/4gtv/4furh8?token=835de109e821fbff9439ad576e33a5120b2169aba5aa8968,,,https://material.1989.click/logo/滾動力rollor.png,
Global Trekker「4gTV」,https://iptv.1989.click/4gtv/3z5z8d?token=835de109e821fbff9439ad576e33a5120b2169aba5aa8968,,,https://material.1989.click/logo/Global-Trekker.png,
LUXE TV Channel「4gTV」,https://iptv.1989.click/4gtv/4u2yec?token=835de109e821fbff9439ad576e33a5120b2169aba5aa8968,,,https://material.1989.click/logo/LUXE-TV-Channel.png,
TV5MONDE STYLE 生活時尚「4gTV」,https://iptv.1989.click/4gtv/747wuk?token=835de109e821fbff9439ad576e33a5120b2169aba5aa8968,,,https://material.1989.click/logo/TV5MONDE-STYLE.png,
幸福空間居家「4gTV」,https://iptv.1989.click/4gtv/eckeus?token=835de109e821fbff9439ad576e33a5120b2169aba5aa8968,,,https://material.1989.click/logo/幸福空間居家台.png,
車迷「4gTV」 TV,https://iptv.1989.click/4gtv/9jvsmm?token=835de109e821fbff9439ad576e33a5120b2169aba5aa8968,,,https://material.1989.click/logo/車迷TV.png,
金光布袋戲「4gTV」,https://iptv.1989.click/4gtv/e66q99?token=835de109e821fbff9439ad576e33a5120b2169aba5aa8968,,,https://material.1989.click/logo/金光布袋戲.png,
原住民族電視「4gTV」,https://iptv.1989.click/4gtv/b8u2dp?token=835de109e821fbff9439ad576e33a5120b2169aba5aa8968,,,https://material.1989.click/logo/原住民族電視台.png,
客家電視「4gTV」,https://iptv.1989.click/4gtv/7kzn52?token=835de109e821fbff9439ad576e33a5120b2169aba5aa8968,,,https://material.1989.click/logo/客家電視台.png,
人間衛視「4gTV」,https://iptv.1989.click/4gtv/gr7dg6?token=835de109e821fbff9439ad576e33a5120b2169aba5aa8968,,,https://material.1989.click/logo/人間衛視.png,
大愛電視「4gTV」,https://iptv.1989.click/4gtv/58yw9j?token=835de109e821fbff9439ad576e33a5120b2169aba5aa8968,,,https://material.1989.click/logo/大愛電視.png,
大愛電視 2「4gTV」,https://iptv.1989.click/4gtv/pfne8m?token=835de109e821fbff9439ad576e33a5120b2169aba5aa8968,,,https://material.1989.click/logo/大愛電視.png,
好消息 1「4gTV」,https://iptv.1989.click/4gtv/u3sqpr?token=835de109e821fbff9439ad576e33a5120b2169aba5aa8968,,,https://material.1989.click/logo/好消息.png,
好消息 2「4gTV」,https://iptv.1989.click/4gtv/x99655?token=835de109e821fbff9439ad576e33a5120b2169aba5aa8968,,,https://material.1989.click/logo/好消息2台.png,
國會頻道 1「4gTV」,https://iptv.1989.click/4gtv/bxyc5b?token=835de109e821fbff9439ad576e33a5120b2169aba5aa8968,,,https://material.1989.click/logo/國會頻道1.png,
國會頻道 2「4gTV」,https://iptv.1989.click/4gtv/bea4h2?token=835de109e821fbff9439ad576e33a5120b2169aba5aa8968,,,https://material.1989.click/logo/國會頻道2.png,
東森購物 一「4gTV」,https://iptv.1989.click/4gtv/mnssnk?token=835de109e821fbff9439ad576e33a5120b2169aba5aa8968,,,https://material.1989.click/logo/東森購物.png,
東森購物 二「4gTV」,https://iptv.1989.click/4gtv/jz3dj5?token=835de109e821fbff9439ad576e33a5120b2169aba5aa8968,,,https://material.1989.click/logo/東森購物.png,
東森購物 三「4gTV」,https://iptv.1989.click/4gtv/2r4ey6?token=835de109e821fbff9439ad576e33a5120b2169aba5aa8968,,,https://material.1989.click/logo/東森購物.png,
東森購物 四「4gTV」,https://iptv.1989.click/4gtv/ax7ak5?token=835de109e821fbff9439ad576e33a5120b2169aba5aa8968,,,https://material.1989.click/logo/東森購物.png,
新唐人亞太「4gTV」,https://iptv.1989.click/4gtv/suqjhb?token=835de109e821fbff9439ad576e33a5120b2169aba5aa8968,,,https://material.1989.click/logo/新唐人亚太台.png,
Getwin Sports運動「4gTV」,https://iptv.1989.click/4gtv/2s2sde?token=835de109e821fbff9439ad576e33a5120b2169aba5aa8968,,,https://material.1989.click/logo/Getwin-Sports運動台.png,
ABC Australia 澳洲公廣「4gTV」,https://iptv.1989.click/4gtv/v6c76w?token=835de109e821fbff9439ad576e33a5120b2169aba5aa8968,,,https://material.1989.click/logo/ABC-Australia.png,
龍華偶像「ofiii」,https://iptv.1989.click/ofiii/w8q47j?token=835de109e821fbff9439ad576e33a5120b2169aba5aa8968,,,https://material.1989.click/logo/龍華偶像台.png,
龍華卡通「ofiii」,https://iptv.1989.click/ofiii/bus9ca?token=835de109e821fbff9439ad576e33a5120b2169aba5aa8968,,,https://material.1989.click/logo/龍華卡通台.png,
龍華戲劇「ofiii」,https://iptv.1989.click/ofiii/ayacbx?token=835de109e821fbff9439ad576e33a5120b2169aba5aa8968,,,https://material.1989.click/logo/龍華戲劇台.png,
龍華日韓「ofiii」,https://iptv.1989.click/ofiii/8r7gnw?token=835de109e821fbff9439ad576e33a5120b2169aba5aa8968,,,https://material.1989.click/logo/龍華日韓台.png,
龍華洋片「ofiii」,https://iptv.1989.click/ofiii/ccde2x?token=835de109e821fbff9439ad576e33a5120b2169aba5aa8968,,,https://material.1989.click/logo/龍華洋片台.png,
龍華經典「ofiii」,https://iptv.1989.click/ofiii/369v96?token=835de109e821fbff9439ad576e33a5120b2169aba5aa8968,,,https://material.1989.click/logo/龍華經典台.png,
龍華電影「ofiii」,https://iptv.1989.click/ofiii/bhsa6f?token=835de109e821fbff9439ad576e33a5120b2169aba5aa8968,,,https://material.1989.click/logo/龍華電影台.png,
台視新聞「ofiii」,https://iptv.1989.click/ofiii/znuaem?token=835de109e821fbff9439ad576e33a5120b2169aba5aa8968,,,https://material.1989.click/logo/台視新聞.png,
台灣戲劇「ofiii」,https://iptv.1989.click/ofiii/wug9st?token=835de109e821fbff9439ad576e33a5120b2169aba5aa8968,,,https://material.1989.click/logo/台灣戲劇台.png,
寰宇財經「ofiii」,https://iptv.1989.click/ofiii/fjnsdb?token=835de109e821fbff9439ad576e33a5120b2169aba5aa8968,,,https://material.1989.click/logo/寰宇財經台.png,
DayStar「ofiii」,https://iptv.1989.click/ofiii/grfns3?token=835de109e821fbff9439ad576e33a5120b2169aba5aa8968,,,https://material.1989.click/logo/DayStar.png,
第1商業「ofiii」,https://iptv.1989.click/ofiii/t9utzg?token=835de109e821fbff9439ad576e33a5120b2169aba5aa8968,,,https://material.1989.click/logo/第1商業.png,
Smart知識「ofiii」,https://iptv.1989.click/ofiii/gqtzqr?token=835de109e821fbff9439ad576e33a5120b2169aba5aa8968,,,https://material.1989.click/logo/Smart知識台.png,
Eurosport 1,https://iptv.1989.click/sprt/ejj9mu?token=835de109e821fbff9439ad576e33a5120b2169aba5aa8968,,,https://material.1989.click/logo/Eurosport-1.png,
Eurosport 2,https://iptv.1989.click/sprt/sztzd2?token=835de109e821fbff9439ad576e33a5120b2169aba5aa8968,,,https://material.1989.click/logo/Eurosport-2.png,
TNT Sport 1,https://iptv.1989.click/sprt/3dp449?token=835de109e821fbff9439ad576e33a5120b2169aba5aa8968,,,https://material.1989.click/logo/TNT-Sports-1.png,
TNT Sport 2,https://iptv.1989.click/sprt/rtymnm?token=835de109e821fbff9439ad576e33a5120b2169aba5aa8968,,,https://material.1989.click/logo/TNT-Sports-2.png,
TNT Sport 3,https://iptv.1989.click/sprt/adjnvr?token=835de109e821fbff9439ad576e33a5120b2169aba5aa8968,,,https://material.1989.click/logo/TNT-Sports-3.png,
TNT Sport 4,https://iptv.1989.click/sprt/z7efqc?token=835de109e821fbff9439ad576e33a5120b2169aba5aa8968,,,https://material.1989.click/logo/TNT-Sports-4.png,
beIN Sports 1,https://iptv.1989.click/sprt/e6k7tz?token=835de109e821fbff9439ad576e33a5120b2169aba5aa8968,,,https://material.1989.click/logo/beIN-Sports-1.png,
beIN Sports 2,https://iptv.1989.click/sprt/tysdk3?token=835de109e821fbff9439ad576e33a5120b2169aba5aa8968,,,https://material.1989.click/logo/beIN-Sports-2.png,
beIN Sports 3,https://iptv.1989.click/sprt/dhasp9?token=835de109e821fbff9439ad576e33a5120b2169aba5aa8968,,,https://material.1989.click/logo/beIN-Sports-3.png,
beIN Sports 4,https://iptv.1989.click/sprt/ruxchw?token=835de109e821fbff9439ad576e33a5120b2169aba5aa8968,,,https://material.1989.click/logo/beIN-Sports-4.png,
beIN Sports 5,https://iptv.1989.click/sprt/puu8yf?token=835de109e821fbff9439ad576e33a5120b2169aba5aa8968,,,https://material.1989.click/logo/beIN-Sports-5.png,
TSN 1,https://iptv.1989.click/sprt/5gr4ds?token=835de109e821fbff9439ad576e33a5120b2169aba5aa8968,,,https://material.1989.click/logo/TSN-1.png,
TSN 2,https://iptv.1989.click/sprt/5pdnzv?token=835de109e821fbff9439ad576e33a5120b2169aba5aa8968,,,https://material.1989.click/logo/TSN-2.png,
TSN 3,https://iptv.1989.click/sprt/rnn455?token=835de109e821fbff9439ad576e33a5120b2169aba5aa8968,,,https://material.1989.click/logo/TSN-3.png,
TSN 4,https://iptv.1989.click/sprt/uyryhf?token=835de109e821fbff9439ad576e33a5120b2169aba5aa8968,,,https://material.1989.click/logo/TSN-4.png,
TSN 5,https://iptv.1989.click/sprt/dqg5jg?token=835de109e821fbff9439ad576e33a5120b2169aba5aa8968,,,https://material.1989.click/logo/TSN-5.png,
Hub Premier 1,https://iptv.1989.click/sprt/zsgm2c?token=835de109e821fbff9439ad576e33a5120b2169aba5aa8968,,,https://material.1989.click/logo/Hub-Premier-1.png,
Hub Premier 2,https://iptv.1989.click/sprt/23z58p?token=835de109e821fbff9439ad576e33a5120b2169aba5aa8968,,,https://material.1989.click/logo/Hub-Premier-2.png,
Hub Premier 3,https://iptv.1989.click/sprt/d3vqm2?token=835de109e821fbff9439ad576e33a5120b2169aba5aa8968,,,https://material.1989.click/logo/Hub-Premier-3.png,
Hub Premier 4,https://iptv.1989.click/sprt/ns4k9y?token=835de109e821fbff9439ad576e33a5120b2169aba5aa8968,,,https://material.1989.click/logo/Hub-Premier-4.png,
Hub Premier 5,https://iptv.1989.click/sprt/xaceh8?token=835de109e821fbff9439ad576e33a5120b2169aba5aa8968,,,https://material.1989.click/logo/Hub-Premier-5.png,
Hub Premier 6,https://iptv.1989.click/sprt/sru9zr?token=835de109e821fbff9439ad576e33a5120b2169aba5aa8968,,,https://material.1989.click/logo/Hub-Premier-6.png,
Hub Sports 1,https://iptv.1989.click/sprt/w2p4qr?token=835de109e821fbff9439ad576e33a5120b2169aba5aa8968,,,https://material.1989.click/logo/Hub-Sports-1.png,
Hub Sports 2,https://iptv.1989.click/sprt/6vywnk?token=835de109e821fbff9439ad576e33a5120b2169aba5aa8968,,,https://material.1989.click/logo/Hub-Sports-2.png,
Hub Sports 3,https://iptv.1989.click/sprt/q8rwy9?token=835de109e821fbff9439ad576e33a5120b2169aba5aa8968,,,https://material.1989.click/logo/Hub-Sports-3.png,
Hub Sports 4,https://iptv.1989.click/sprt/5bade7?token=835de109e821fbff9439ad576e33a5120b2169aba5aa8968,,,https://material.1989.click/logo/Hub-Sports-4.png,
Hub Sports 5,https://iptv.1989.click/sprt/kh7ygr?token=835de109e821fbff9439ad576e33a5120b2169aba5aa8968,,,https://material.1989.click/logo/Hub-Sports-5.png,
Hub Sports 6,https://iptv.1989.click/sprt/dnq8pj?token=835de109e821fbff9439ad576e33a5120b2169aba5aa8968,,,https://material.1989.click/logo/Hub-Sports-6.png,
Hub Sports 7,https://iptv.1989.click/sprt/wesqjr?token=835de109e821fbff9439ad576e33a5120b2169aba5aa8968,,,https://material.1989.click/logo/Hub-Sports-7.png,
Hub Sports 8,https://iptv.1989.click/sprt/qtqn3d?token=835de109e821fbff9439ad576e33a5120b2169aba5aa8968,,,https://material.1989.click/logo/Hub-Sports-8.png,
Spotv 1,https://iptv.1989.click/sprt/hrfza6?token=835de109e821fbff9439ad576e33a5120b2169aba5aa8968,,,https://material.1989.click/logo/Spotv-1.png,
Spotv 2,https://iptv.1989.click/sprt/cc85n9?token=835de109e821fbff9439ad576e33a5120b2169aba5aa8968,,,https://material.1989.click/logo/Spotv-2.png,
FIGHT SPORTS,https://iptv.1989.click/sprt/7ebraz?token=835de109e821fbff9439ad576e33a5120b2169aba5aa8968,,,https://material.1989.click/logo/Fight-Sports.png,
BBC Earth,https://iptv.1989.click/comp/eg2sgr?token=835de109e821fbff9439ad576e33a5120b2169aba5aa8968,,,https://material.1989.click/logo/BBC-Earth.png,
BBC Lifestyle,https://iptv.1989.click/comp/db3mb7?token=835de109e821fbff9439ad576e33a5120b2169aba5aa8968,,,https://material.1989.click/logo/BBC-Lifestyle.png,
Discovery,https://iptv.1989.click/comp/m6y3k2?token=835de109e821fbff9439ad576e33a5120b2169aba5aa8968,,,https://material.1989.click/logo/Discovery-Channel.png,
HBO,https://iptv.1989.click/comp/8neghp?token=835de109e821fbff9439ad576e33a5120b2169aba5aa8968,,,https://material.1989.click/logo/HBO.png,
HBO Hits,https://iptv.1989.click/comp/dsvce8?token=835de109e821fbff9439ad576e33a5120b2169aba5aa8968,,,https://material.1989.click/logo/HBO-Hits.png,
HBO Family,https://iptv.1989.click/comp/e9prys?token=835de109e821fbff9439ad576e33a5120b2169aba5aa8968,,,https://material.1989.click/logo/HBO-Family.png,
HBO Signature,https://iptv.1989.click/comp/2fesbt?token=835de109e821fbff9439ad576e33a5120b2169aba5aa8968,,,https://material.1989.click/logo/HBO-Signature.png,
Channel 5,https://iptv.1989.click/comp/tcbh3v?token=835de109e821fbff9439ad576e33a5120b2169aba5aa8968,,,https://material.1989.click/logo/Channel5.png,
Channel 8,https://iptv.1989.click/comp/pn7jku?token=835de109e821fbff9439ad576e33a5120b2169aba5aa8968,,,https://material.1989.click/logo/Channel8.png,
Channel U,https://iptv.1989.click/comp/zwqzbe?token=835de109e821fbff9439ad576e33a5120b2169aba5aa8968,,,https://material.1989.click/logo/ChannelU.png,
中天亞洲,https://iptv.1989.click/comp/zd9vfa?token=835de109e821fbff9439ad576e33a5120b2169aba5aa8968,,,https://material.1989.click/logo/中天亞洲台.png,
翡翠台,https://cdn.qd.je/163189/fct,,,https://material.1989.click/logo/翡翠台.png,
翡翠台 4K「字幕」,https://cdn.qd.je/163189/fct4k,,,https://material.1989.click/logo/翡翠台.png,
翡翠台「字幕」,https://cdn.qd.je/163189/fct2,,,https://material.1989.click/logo/翡翠台.png,
翡翠台「WebVTT字幕」,https://cdn.qd.je/163189/fctvtt,,,https://material.1989.click/logo/翡翠台.png,
明珠台「字幕」,https://cdn.qd.je/163189/mzt,,,https://material.1989.click/logo/明珠台.png,
明珠台「WebVTT字幕」,https://cdn.qd.je/163189/mztvtt,,,https://material.1989.click/logo/明珠台.png,
無綫新聞台,https://cdn.qd.je/163189/wxxw,,,https://material.1989.click/logo/無綫新聞台.png,
TVB Plus,https://cdn.qd.je/163189/tvbp2,,,https://material.1989.click/logo/TVBPlus.png,
TVB Plus「字幕」,https://cdn.qd.je/163189/tvbp,,,https://material.1989.click/logo/TVBPlus.png,
TVB Plus「WebVTT字幕」,https://cdn.qd.je/163189/tvbpvtt,,,https://material.1989.click/logo/TVBPlus.png,
黃金華劇台「WebVTT字幕」,https://cdn.qd.je/163189/hjhjt,,,https://material.1989.click/logo/黃金華劇台.png,
NOW新闻台,https://cdn.qd.je/163189/now,,,https://material.1989.click/logo/Now新聞台.png,
凤凰中文,https://cdn.qd.je/163189/fhzw,,,https://material.1989.click/logo/凤凰中文.png,
凤凰资讯,https://cdn.qd.je/163189/fhzx,,,https://material.1989.click/logo/凤凰资讯.png,
凤凰香港,https://cdn.qd.je/163189/fhhk,,,https://material.1989.click/logo/凤凰香港.png,
CCTV 1「港澳版」,https://cdn.qd.je/163189/cctv1,,,https://material.1989.click/logo/RTHK33.png,
CCTV 13,https://cdn.qd.je/163189/cctv13-2,,,https://material.1989.click/logo/CCTV3.png,
HOY TV,https://cdn.qd.je/163189/hoy,,,https://material.1989.click/logo/HOY77.png,
HOY TV,https://cdn.qd.je/163189/hoy2,,,https://material.1989.click/logo/HOY77.png,
HOY 資訊台,https://cdn.qd.je/163189/hoy78,,,https://material.1989.click/logo/HOY78.png,
HOY 國際財經台,https://cdn.qd.je/163189/hoy76,,,https://material.1989.click/logo/HOY76.png,
ViuTV,https://cdn.qd.je/163189/viu,,,https://material.1989.click/logo/ViuTV.png,
ViuTVsix,https://cdn.qd.je/163189/viu6,,,https://material.1989.click/logo/ViuTVsix.png,
RTHK31,https://cdn.qd.je/163189/rthk31,,,https://material.1989.click/logo/RTHK31.png,
RTHK32,https://cdn.qd.je/163189/rthk32,,,https://material.1989.click/logo/RTHK32.png,
澳視澳門,https://cdn.qd.je/163189/asam,,,https://material.1989.click/logo/澳视澳门.png,
澳門衛星,https://cdn.qd.je/163189/as,,,https://material.1989.click/logo/澳门Macau.png,
澳門體育,https://cdn.qd.je/163189/amty,,,https://material.1989.click/logo/澳门体育.png,
澳門綜藝,https://cdn.qd.je/163189/amzy,,,https://material.1989.click/logo/澳门综艺.png,
澳門莲花,https://cdn.qd.je/163189/amlh,,,https://material.1989.click/logo/澳门莲花.png,
重温经典,https://cdn.qd.je/163189/cwjd,,,https://material.1989.click/logo/重温经典.png,
TVB1,https://cdn.qd.je/163189/tvb1,,,,
TVBJ1,https://cdn.qd.je/163189/j1,,,,
翡翠剧集台,https://cdn.qd.je/163189/tvbd,,,,
广东珠江,https://cdn.qd.je/163189/gdzj,,,,
广东体育,https://cdn.qd.je/163189/gdty,,,,
八度空间,https://cdn.qd.je/163189/8tv,,,,
CH5,https://cdn.qd.je/163189/ch5,,,,
CH8,https://cdn.qd.je/163189/ch8,,,,
CHU,https://cdn.qd.je/163189/chu,,,,
龙华电影,https://cdn.qd.je/163189/lhdy,,,,
龙华经典,https://cdn.qd.je/163189/lhjd,,,,
龙华偶像,https://cdn.qd.je/163189/lhox,,,,
龙华日韩,https://cdn.qd.je/163189/lhrh,,,,
龙华戏剧,https://cdn.qd.je/163189/lhxj,,,,
龙华洋片,https://cdn.qd.je/163189/lhyp,,,,
龙华卡通,https://cdn.qd.je/163189/lhkt,,,,
金光布袋戏,https://cdn.qd.je/163189/jgbdx,,,,
华丽翡翠台,https://cdn.qd.je/163189/hlfct,,,,
TVB亚洲武侠,https://cdn.qd.je/163189/yzwx,,,https://material.1989.click/logo/亞洲武俠.png,
TVB娱乐新闻台,https://cdn.qd.je/163189/ylxw,,,,
TVB星河,https://cdn.qd.je/163189/tvbxh,,,,
海峡卫视,https://cdn.qd.je/163189/hxws,,,,
海峡卫视,https://cdn.qd.je/163189/hxws2,,,,
TVB星河,https://cdn.qd.je/163189/xinghe,,,,
天映新加坡,https://cdn.qd.je/163189/typd,,,,
天映经典,https://cdn.qd.je/163189/ccm,,,,
华丽翡翠台,https://cdn.qd.je/163189/hlt,,,,
华丽翡翠台(硬字幕),https://cdn.qd.je/163189/jade,,,,
华丽翡翠台(新加坡),https://cdn.qd.je/163189/jade2,,,,
Astro AOD,https://cdn.qd.je/163189/aod,,,,
Astro欢喜台,https://cdn.qd.je/163189/hxt,,,,
爱奇艺,https://cdn.qd.je/163189/iqiyi,,,,
天映频道,https://cdn.qd.je/163189/typd2,,,,
天映经典,https://cdn.qd.je/163189/ccm2,,,,
TVB星河,https://cdn.qd.je/163189/tvbxh2,,,,
千禧经典台,https://cdn.qd.je/163189/tvbc,,,,
CCTV1,https://php.jdshipin.com/TVOD/iptv.php?id=cctv1,,,,
CCTV2,https://php.jdshipin.com/TVOD/iptv.php?id=cctv2,,,,
CCTV3,https://php.jdshipin.com/TVOD/iptv.php?id=cctv3,,,,
CCTV4,https://php.jdshipin.com/TVOD/iptv.php?id=cctv4,,,,
CCTV5,https://cdn.qd.je/163189/cctv5,,,,
CCTV5,https://cdn.qd.je/163189/cctv5-2,,,,
CCTV5+,https://php.jdshipin.com/TVOD/iptv.php?id=cctv5p,,,,
CCTV5+,https://cdn.qd.je/163189/cctv5p-2,,,,
CCTV6,https://php.jdshipin.com/TVOD/iptv.php?id=cctv6,,,,
CCTV7,https://php.jdshipin.com/TVOD/iptv.php?id=cctv7,,,,
CCTV8,https://php.jdshipin.com/TVOD/iptv.php?id=cctv8,,,,
CCTV9,https://php.jdshipin.com/TVOD/iptv.php?id=cctv9,,,,
CCTV10,https://php.jdshipin.com/TVOD/iptv.php?id=cctv10,,,,
CCTV11,https://php.jdshipin.com/TVOD/iptv.php?id=cctv11,,,,
CCTV12,https://php.jdshipin.com/TVOD/iptv.php?id=cctv12,,,,
CCTV13,https://php.jdshipin.com/TVOD/iptv.php?id=cctv13,,,,
CCTV14,https://php.jdshipin.com/TVOD/iptv.php?id=cctv14,,,,
CCTV15,https://php.jdshipin.com/TVOD/iptv.php?id=cctv15,,,,
CCTV16,https://php.jdshipin.com/TVOD/iptv.php?id=cctv16,,,,
CCTV16,https://cdn.qd.je/163189/cctv16-2,,,,
CCTV17,https://php.jdshipin.com/TVOD/iptv.php?id=cctv17,,,,
重温经典,https://cdn.qd.je/163189/cwjd2,,,,
广州综合,https://cdn.qd.je/163189/gzzh,,,,
广州新闻,https://cdn.qd.je/163189/gzxw,,,,
广州南国都市,https://cdn.qd.je/163189/ngds,,,,
五星体育,https://cdn.qd.je/163189/wxty,,,,
民视影剧台,https://cdn.qd.je/163189/msyj,,,,
公视戏剧,https://cdn.qd.je/163189/gsxj,,,,
采昌影剧台,https://cdn.qd.je/163189/ccyj,,,,
靖天映画,https://cdn.qd.je/163189/jtyh,,,,
靖天戏剧台,https://cdn.qd.je/163189/jtxj,,,,
靖天电影台,https://cdn.qd.je/163189/jtdy,,,,
靖洋戏剧台,https://cdn.qd.je/163189/jyxj,,,,
影迷数位电影台,https://cdn.qd.je/163189/ymswdyt,,,,
amc电影台,https://cdn.qd.je/163189/amc,,,,
CinemaWorld,https://cdn.qd.je/163189/cinemaworld,,,,
My Cinema Europe,https://cdn.qd.je/163189/mce,,,,
经典电影台,https://cdn.qd.je/163189/jddyt,,,,
CMusic,https://cdn.qd.je/163189/cmusic,,,,
DreamWorks梦工厂动画,https://cdn.qd.je/163189/dreamworks,,,,
精选动漫台,https://cdn.qd.je/163189/jxdmt,,,,
金光布袋戏,https://cdn.qd.je/163189/jgbdx2,,,,
纬来电影台,https://cdn.qd.je/163189/wldy,,,,
纬来戏剧台,https://cdn.qd.je/163189/wlxj,,,,
纬来体育台,https://cdn.qd.je/163189/wlty,,,,
龙祥时代,https://cdn.qd.je/163189/lxsd,,,,
东森电影,https://cdn.qd.je/163189/dsdy,,,,
东森戏剧,https://cdn.qd.je/163189/dsxj,,,,
东森洋片,https://cdn.qd.je/163189/dsyp,,,,
翡翠台,https://iptv.1989.click/myTV/v27sy6?token=835de109e821fbff9439ad576e33a5120b2169aba5aa8968,,,https://material.1989.click/logo/翡翠台.png,
翡翠台 4K,https://iptv.1989.click/myTV/jm5zdt?token=835de109e821fbff9439ad576e33a5120b2169aba5aa8968,,,https://material.1989.click/logo/翡翠台.png,
TVB Plus,https://iptv.1989.click/myTV/s8d5tb?token=835de109e821fbff9439ad576e33a5120b2169aba5aa8968,,,https://material.1989.click/logo/TVBPlus.png,
無綫新聞台,https://iptv.1989.click/myTV/2xy5ap?token=835de109e821fbff9439ad576e33a5120b2169aba5aa8968,,,https://material.1989.click/logo/無綫新聞台.png,
明珠台,https://iptv.1989.click/myTV/qgh9rq?token=835de109e821fbff9439ad576e33a5120b2169aba5aa8968,,,https://material.1989.click/logo/明珠台.png,
娛樂新聞台,https://iptv.1989.click/myTV/r4tpma?token=835de109e821fbff9439ad576e33a5120b2169aba5aa8968,,,https://material.1989.click/logo/娛樂新聞.png,
無線衛星亞洲台,https://iptv.1989.click/myTV/rukxdt?token=835de109e821fbff9439ad576e33a5120b2169aba5aa8968,,,https://material.1989.click/logo/TVBS亞洲台.png,
創世電視,https://iptv.1989.click/myTV/4ybc9u?token=835de109e821fbff9439ad576e33a5120b2169aba5aa8968,,,https://material.1989.click/logo/创世电视.png,
無線衛星新聞台,https://iptv.1989.click/myTV/upychp?token=835de109e821fbff9439ad576e33a5120b2169aba5aa8968,,,https://material.1989.click/logo/TVBS新聞.png,
亞洲新聞台,https://iptv.1989.click/myTV/tedmdm?token=835de109e821fbff9439ad576e33a5120b2169aba5aa8968,,,https://material.1989.click/logo/CNA.png,
半島電視台英語頻道,https://iptv.1989.click/myTV/hrzq6g?token=835de109e821fbff9439ad576e33a5120b2169aba5aa8968,,,https://material.1989.click/logo/半岛电视台.png,
France 24,https://iptv.1989.click/myTV/4wa9bm?token=835de109e821fbff9439ad576e33a5120b2169aba5aa8968,,,https://material.1989.click/logo/FRANCE24.png,
DW,https://iptv.1989.click/myTV/hk4bcg?token=835de109e821fbff9439ad576e33a5120b2169aba5aa8968,,,https://material.1989.click/logo/DW.png,
NHK World-Japan,https://iptv.1989.click/myTV/7kdbm8?token=835de109e821fbff9439ad576e33a5120b2169aba5aa8968,,,https://material.1989.click/logo/NHKWORLD.png,
NewsWorld,https://iptv.1989.click/myTV/gj3vrf?token=835de109e821fbff9439ad576e33a5120b2169aba5aa8968,,,https://material.1989.click/logo/NewsWorld.png,
SUPER FREE,https://iptv.1989.click/myTV/ucqnwa?token=835de109e821fbff9439ad576e33a5120b2169aba5aa8968,,,https://material.1989.click/logo/MytvSuper.png,
黃金翡翠台,https://iptv.1989.click/myTV/x5d7wp?token=835de109e821fbff9439ad576e33a5120b2169aba5aa8968,,,https://material.1989.click/logo/MytvSuper.png,
千禧經典台,https://iptv.1989.click/myTV/y3unfj?token=835de109e821fbff9439ad576e33a5120b2169aba5aa8968,,,https://material.1989.click/logo/千禧經典台.png,
華語劇台,https://iptv.1989.click/myTV/bepu5n?token=835de109e821fbff9439ad576e33a5120b2169aba5aa8968,,,https://material.1989.click/logo/華語劇台.png,
粵語片台,https://iptv.1989.click/myTV/e2fy7z?token=835de109e821fbff9439ad576e33a5120b2169aba5aa8968,,,https://material.1989.click/logo/粤语片台.png,
亞洲劇台,https://iptv.1989.click/myTV/zd8utf?token=835de109e821fbff9439ad576e33a5120b2169aba5aa8968,,,https://material.1989.click/logo/MytvSuper.png,
黃金華劇台,https://iptv.1989.click/myTV/94k49c?token=835de109e821fbff9439ad576e33a5120b2169aba5aa8968,,,https://material.1989.click/logo/黃金華劇台.png,
戲曲台,https://iptv.1989.click/myTV/yze2qn?token=835de109e821fbff9439ad576e33a5120b2169aba5aa8968,,,https://material.1989.click/logo/MytvSuper.png,
美亞電影台,https://iptv.1989.click/myTV/fdwcus?token=835de109e821fbff9439ad576e33a5120b2169aba5aa8968,,,https://material.1989.click/logo/美亞電影台.png,
Thrill,https://iptv.1989.click/myTV/tzdjxj?token=835de109e821fbff9439ad576e33a5120b2169aba5aa8968,,,https://material.1989.click/logo/Thrill.png,
天映經典頻道,https://iptv.1989.click/myTV/ey6ybc?token=835de109e821fbff9439ad576e33a5120b2169aba5aa8968,,,https://material.1989.click/logo/天映经典.png,
中國電影頻道,https://iptv.1989.click/myTV/wegftr?token=835de109e821fbff9439ad576e33a5120b2169aba5aa8968,,,https://material.1989.click/logo/ChinaMovie.png,
ROCK Action,https://iptv.1989.click/myTV/yh72t7?token=835de109e821fbff9439ad576e33a5120b2169aba5aa8968,,,https://material.1989.click/logo/RockAction.png,
ROCK Extreme,https://iptv.1989.click/myTV/vbfcrt?token=835de109e821fbff9439ad576e33a5120b2169aba5aa8968,,,https://material.1989.click/logo/RockExtreme.png,
ROCK 綜藝娛樂,https://iptv.1989.click/myTV/8kru3g?token=835de109e821fbff9439ad576e33a5120b2169aba5aa8968,,,https://material.1989.click/logo/RockEntertainment.png,
KIX,https://iptv.1989.click/myTV/k8vsbr?token=835de109e821fbff9439ad576e33a5120b2169aba5aa8968,,,https://material.1989.click/logo/Kix.png,
tvN,https://iptv.1989.click/myTV/9sy846?token=835de109e821fbff9439ad576e33a5120b2169aba5aa8968,,,https://material.1989.click/logo/tvN.png,
PopC,https://iptv.1989.click/myTV/wczes4?token=835de109e821fbff9439ad576e33a5120b2169aba5aa8968,,,https://material.1989.click/logo/PopC.png,
Action Hollywood Movies,https://iptv.1989.click/myTV/n7s4w6?token=835de109e821fbff9439ad576e33a5120b2169aba5aa8968,,,https://material.1989.click/logo/ActionHollywoodMovies.png,
Rialto Classic Movies (RCM),https://iptv.1989.click/myTV/b3hrr5?token=835de109e821fbff9439ad576e33a5120b2169aba5aa8968,,,https://material.1989.click/logo/RCM.png,
Love Nature,https://iptv.1989.click/myTV/nnkyyb?token=835de109e821fbff9439ad576e33a5120b2169aba5aa8968,,,https://material.1989.click/logo/Love-Nature.png,
Love Nature 4K,https://iptv.1989.click/myTV/xkuqj5?token=835de109e821fbff9439ad576e33a5120b2169aba5aa8968,,,https://material.1989.click/logo/LoveNature4K.png,
Global Trekker,https://iptv.1989.click/myTV/4rzacz?token=835de109e821fbff9439ad576e33a5120b2169aba5aa8968,,,https://material.1989.click/logo/Global-Trekker.png,
FashionBox,https://iptv.1989.click/myTV/sh2e2r?token=835de109e821fbff9439ad576e33a5120b2169aba5aa8968,,,https://material.1989.click/logo/FashionBox.png,
Arirang TV,https://iptv.1989.click/myTV/2h6u5a?token=835de109e821fbff9439ad576e33a5120b2169aba5aa8968,,,https://material.1989.click/logo/Arirang-TV.png,
TRACE Sport Stars,https://iptv.1989.click/myTV/dpqzuy?token=835de109e821fbff9439ad576e33a5120b2169aba5aa8968,,,https://material.1989.click/logo/TRACE-Sport-Stars.png,
TRACE Urban,https://iptv.1989.click/myTV/a65xbf?token=835de109e821fbff9439ad576e33a5120b2169aba5aa8968,,,https://material.1989.click/logo/TRACE-Urban.png,
Pet Club TV,https://iptv.1989.click/myTV/xt9yyd?token=835de109e821fbff9439ad576e33a5120b2169aba5aa8968,,,https://material.1989.click/logo/PetClubTV.png,
Globetrotter,https://iptv.1989.click/myTV/j6fr4q?token=835de109e821fbff9439ad576e33a5120b2169aba5aa8968,,,https://material.1989.click/logo/Globetrotter.png,
Docsville,https://iptv.1989.click/myTV/vqusxh?token=835de109e821fbff9439ad576e33a5120b2169aba5aa8968,,,https://material.1989.click/logo/Docsville.png,
Pulse Documentaries,https://iptv.1989.click/myTV/s8mucm?token=835de109e821fbff9439ad576e33a5120b2169aba5aa8968,,,https://material.1989.click/logo/PulseDocumentaries.png,
NOW 70s,https://iptv.1989.click/myTV/a36jey?token=835de109e821fbff9439ad576e33a5120b2169aba5aa8968,,,https://material.1989.click/logo/NOW70s.png,
NOW 80s,https://iptv.1989.click/myTV/2qry4m?token=835de109e821fbff9439ad576e33a5120b2169aba5aa8968,,,https://material.1989.click/logo/NOW80s.png,
NOW 90s00s,https://iptv.1989.click/myTV/5f3x7j?token=835de109e821fbff9439ad576e33a5120b2169aba5aa8968,,,https://material.1989.click/logo/NOW90s00s.png,
NOW ROCK,https://iptv.1989.click/myTV/regyd8?token=835de109e821fbff9439ad576e33a5120b2169aba5aa8968,,,https://material.1989.click/logo/NOWROCK.png,
Concerto,https://iptv.1989.click/myTV/kkd7q9?token=835de109e821fbff9439ad576e33a5120b2169aba5aa8968,,,https://material.1989.click/logo/Concerto.png,
SUPER Sports,https://iptv.1989.click/myTV/rnq8he?token=835de109e821fbff9439ad576e33a5120b2169aba5aa8968,,,https://material.1989.click/logo/MytvSuper.png,
myTV SUPER 18台,https://iptv.1989.click/myTV/puxrw8?token=835de109e821fbff9439ad576e33a5120b2169aba5aa8968,,,https://material.1989.click/logo/MytvSuper.png,
myTV SUPER 直播足球2台,https://iptv.1989.click/myTV/2zqwuf?token=835de109e821fbff9439ad576e33a5120b2169aba5aa8968,,,https://material.1989.click/logo/MytvSuper.png,
myTV SUPER 直播足球3台,https://iptv.1989.click/myTV/7j8tty?token=835de109e821fbff9439ad576e33a5120b2169aba5aa8968,,,https://material.1989.click/logo/MytvSuper.png,
myTV SUPER直播足球4台,https://iptv.1989.click/myTV/u82r4y?token=835de109e821fbff9439ad576e33a5120b2169aba5aa8968,,,https://material.1989.click/logo/MytvSuper.png,
myTV SUPER 直播足球5台,https://iptv.1989.click/myTV/h7ky8x?token=835de109e821fbff9439ad576e33a5120b2169aba5aa8968,,,https://material.1989.click/logo/MytvSuper.png,
myTV SUPER 直播足球6台,https://iptv.1989.click/myTV/ahgxpv?token=835de109e821fbff9439ad576e33a5120b2169aba5aa8968,,,https://material.1989.click/logo/MytvSuper.png,
myTV SUPER 直播足球7台,https://iptv.1989.click/myTV/hft9cr?token=835de109e821fbff9439ad576e33a5120b2169aba5aa8968,,,https://material.1989.click/logo/MytvSuper.png,
互動窗 1,https://iptv.1989.click/myTV/9mdxve?token=835de109e821fbff9439ad576e33a5120b2169aba5aa8968,,,https://material.1989.click/logo/MytvSuper.png,
互動窗 2,https://iptv.1989.click/myTV/dcrsuf?token=835de109e821fbff9439ad576e33a5120b2169aba5aa8968,,,https://material.1989.click/logo/MytvSuper.png,
SUPER Kids Channel,https://iptv.1989.click/myTV/j9vfac?token=835de109e821fbff9439ad576e33a5120b2169aba5aa8968,,,https://material.1989.click/logo/SUPERKidsChannel.png,
ZooMoo,https://iptv.1989.click/myTV/xzb2ds?token=835de109e821fbff9439ad576e33a5120b2169aba5aa8968,,,https://material.1989.click/logo/ZooMoo.png,
Nickelodeon,https://iptv.1989.click/myTV/nc2e46?token=835de109e821fbff9439ad576e33a5120b2169aba5aa8968,,,https://material.1989.click/logo/Nickelodeon.png,
Nick Jr.,https://iptv.1989.click/myTV/gehyf8?token=835de109e821fbff9439ad576e33a5120b2169aba5aa8968,,,https://material.1989.click/logo/Nickjr.png,
SUPER 獎門人,https://iptv.1989.click/myTV/dsv2z8?token=835de109e821fbff9439ad576e33a5120b2169aba5aa8968,,,https://material.1989.click/logo/MytvSuper.png,
SUPER EYT,https://iptv.1989.click/myTV/czax86?token=835de109e821fbff9439ad576e33a5120b2169aba5aa8968,,,https://material.1989.click/logo/MytvSuper.png,
SUPER 識食,https://iptv.1989.click/myTV/9qt6m2?token=835de109e821fbff9439ad576e33a5120b2169aba5aa8968,,,https://material.1989.click/logo/MytvSuper.png,
SUPER 識嘆,https://iptv.1989.click/myTV/atd2va?token=835de109e821fbff9439ad576e33a5120b2169aba5aa8968,,,https://material.1989.click/logo/MytvSuper.png,
SUPER Music,https://iptv.1989.click/myTV/x4dpmb?token=835de109e821fbff9439ad576e33a5120b2169aba5aa8968,,,https://material.1989.click/logo/MytvSuper.png,
SUPER 金曲,https://iptv.1989.click/myTV/se7bth?token=835de109e821fbff9439ad576e33a5120b2169aba5aa8968,,,https://material.1989.click/logo/MytvSuper.png,
SUPER 煲劇,https://iptv.1989.click/myTV/7fzaet?token=835de109e821fbff9439ad576e33a5120b2169aba5aa8968,,,https://material.1989.click/logo/MytvSuper.png,
SUPER 單元劇,https://iptv.1989.click/myTV/pau479?token=835de109e821fbff9439ad576e33a5120b2169aba5aa8968,,,https://material.1989.click/logo/MytvSuper.png,
真情SUPER煲,https://iptv.1989.click/myTV/29eqms?token=835de109e821fbff9439ad576e33a5120b2169aba5aa8968,,,https://material.1989.click/logo/MytvSuper.png,
中央電視台 綜合頻道,https://iptv.1989.click/myTV/h7quda?token=835de109e821fbff9439ad576e33a5120b2169aba5aa8968,,,https://material.1989.click/logo/CCTV1.png,
中央電視台 中文國際頻道,https://iptv.1989.click/myTV/s3jqt7?token=835de109e821fbff9439ad576e33a5120b2169aba5aa8968,,,https://material.1989.click/logo/CCTV4.png,
中央電視台 娛樂頻道,https://iptv.1989.click/myTV/a97hve?token=835de109e821fbff9439ad576e33a5120b2169aba5aa8968,,,https://material.1989.click/logo/CCTV娱乐.png,
中央電視台 戲曲頻道,https://iptv.1989.click/myTV/fjwxt7?token=835de109e821fbff9439ad576e33a5120b2169aba5aa8968,,,https://material.1989.click/logo/CCTV戏曲.png,
CGTN 記錄頻道,https://iptv.1989.click/myTV/fghsk5?token=835de109e821fbff9439ad576e33a5120b2169aba5aa8968,,,https://material.1989.click/logo/CGTN纪录.png,
CGTN 英語頻道,https://iptv.1989.click/myTV/s66jqh?token=835de109e821fbff9439ad576e33a5120b2169aba5aa8968,,,https://material.1989.click/logo/CGTN.png,
雲南瀾湄國際衛視,https://iptv.1989.click/myTV/6dz5sd?token=835de109e821fbff9439ad576e33a5120b2169aba5aa8968,,,https://material.1989.click/logo/澜湄国际.png,
東方衛視國際頻道,https://iptv.1989.click/myTV/npvuv4?token=835de109e821fbff9439ad576e33a5120b2169aba5aa8968,,,https://material.1989.click/logo/东方卫视.png,
安徽廣播電視台國際頻道,https://iptv.1989.click/myTV/mbe2m7?token=835de109e821fbff9439ad576e33a5120b2169aba5aa8968,,,https://material.1989.click/logo/安徽卫视.png,
北京電視台國際頻道,https://iptv.1989.click/myTV/tfaucj?token=835de109e821fbff9439ad576e33a5120b2169aba5aa8968,,,https://material.1989.click/logo/北京卫视.png,
廣西電視台國際頻道,https://iptv.1989.click/myTV/ef3s7h?token=835de109e821fbff9439ad576e33a5120b2169aba5aa8968,,,https://material.1989.click/logo/广西卫视.png,
福建海峽衛視國際頻道,https://iptv.1989.click/myTV/gzu9g2?token=835de109e821fbff9439ad576e33a5120b2169aba5aa8968,,,https://material.1989.click/logo/海峡卫视.png,
湖南電視台國際頻道,https://iptv.1989.click/myTV/qxsjhj?token=835de109e821fbff9439ad576e33a5120b2169aba5aa8968,,,https://material.1989.click/logo/湖南卫视.png,
江蘇電視台國際頻道,https://iptv.1989.click/myTV/5bv6wj?token=835de109e821fbff9439ad576e33a5120b2169aba5aa8968,,,https://material.1989.click/logo/江苏卫视.png,
廣東廣播電視台大灣區衛視頻道,https://iptv.1989.click/myTV/uaefrk?token=835de109e821fbff9439ad576e33a5120b2169aba5aa8968,,,https://material.1989.click/logo/广东卫视.png,
浙江電視台國際頻道,https://iptv.1989.click/myTV/j8tutr?token=835de109e821fbff9439ad576e33a5120b2169aba5aa8968,,,https://material.1989.click/logo/浙江卫视.png,
深圳衛視國際頻道,https://iptv.1989.click/myTV/j49q5u?token=835de109e821fbff9439ad576e33a5120b2169aba5aa8968,,,https://material.1989.click/logo/深圳卫视.png,
